{
  "id": "29a9f975-901c-4ccd-8c58-bbc23b70ee1d",
  "prevId": "00000000-0000-0000-0000-000000000000",
  "version": "7",
  "dialect": "postgresql",
  "tables": {
    "public.ai_settings": {
      "name": "ai_settings",
      "schema": "",
      "columns": {
        "id": {
          "name": "id",
          "type": "serial",
          "primaryKey": true,
          "notNull": true
        },
        "provider": {
          "name": "provider",
          "type": "text",
          "primaryKey": false,
          "notNull": true
        },
        "model": {
          "name": "model",
          "type": "text",
          "primaryKey": false,
          "notNull": true
        },
        "temperature": {
          "name": "temperature",
          "type": "text",
          "primaryKey": false,
          "notNull": true
        },
        "top_p": {
          "name": "top_p",
          "type": "text",
          "primaryKey": false,
          "notNull": true
        },
        "top_k": {
          "name": "top_k",
          "type": "text",
          "primaryKey": false,
          "notNull": true
        },
        "erp_system": {
          "name": "erp_system",
          "type": "text",
          "primaryKey": false,
          "notNull": true
        },
        "short_desc_limit": {
          "name": "short_desc_limit",
          "type": "integer",
          "primaryKey": false,
          "notNull": true
        },
        "long_desc_limit": {
          "name": "long_desc_limit",
          "type": "integer",
          "primaryKey": false,
          "notNull": true
        },
        "learning_mode": {
          "name": "learning_mode",
          "type": "text",
          "primaryKey": false,
          "notNull": true
        },
        "additional_context": {
          "name": "additional_context",
          "type": "text",
          "primaryKey": false,
          "notNull": false
        },
        "examples": {
          "name": "examples",
          "type": "jsonb",
          "primaryKey": false,
          "notNull": false
        },
        "user_id": {
          "name": "user_id",
          "type": "integer",
          "primaryKey": false,
          "notNull": false
        }
      },
      "indexes": {},
      "foreignKeys": {
        "ai_settings_user_id_users_id_fk": {
          "name": "ai_settings_user_id_users_id_fk",
          "tableFrom": "ai_settings",
          "tableTo": "users",
          "columnsFrom": [
            "user_id"
          ],
          "columnsTo": [
            "id"
          ],
          "onDelete": "no action",
          "onUpdate": "no action"
        }
      },
      "compositePrimaryKeys": {},
      "uniqueConstraints": {},
      "policies": {},
      "checkConstraints": {},
      "isRLSEnabled": false
    },
    "public.learning_examples": {
      "name": "learning_examples",
      "schema": "",
      "columns": {
        "id": {
          "name": "id",
          "type": "serial",
          "primaryKey": true,
          "notNull": true
        },
        "input": {
          "name": "input",
          "type": "text",
          "primaryKey": false,
          "notNull": true
        },
        "output": {
          "name": "output",
          "type": "text",
          "primaryKey": false,
          "notNull": true
        },
        "user_id": {
          "name": "user_id",
          "type": "integer",
          "primaryKey": false,
          "notNull": false
        }
      },
      "indexes": {},
      "foreignKeys": {
        "learning_examples_user_id_users_id_fk": {
          "name": "learning_examples_user_id_users_id_fk",
          "tableFrom": "learning_examples",
          "tableTo": "users",
          "columnsFrom": [
            "user_id"
          ],
          "columnsTo": [
            "id"
          ],
          "onDelete": "no action",
          "onUpdate": "no action"
        }
      },
      "compositePrimaryKeys": {},
      "uniqueConstraints": {},
      "policies": {},
      "checkConstraints": {},
      "isRLSEnabled": false
    },
    "public.materials": {
      "name": "materials",
      "schema": "",
      "columns": {
        "id": {
          "name": "id",
          "type": "serial",
          "primaryKey": true,
          "notNull": true
        },
        "material_id": {
          "name": "material_id",
          "type": "text",
          "primaryKey": false,
          "notNull": false
        },
        "material_name": {
          "name": "material_name",
          "type": "text",
          "primaryKey": false,
          "notNull": true
        },
        "material_type": {
          "name": "material_type",
          "type": "text",
          "primaryKey": false,
          "notNull": true
        },
        "basic_description": {
          "name": "basic_description",
          "type": "text",
          "primaryKey": false,
          "notNull": true
        },
        "technical_specs": {
          "name": "technical_specs",
          "type": "text",
          "primaryKey": false,
          "notNull": false
        },
        "manufacturer": {
          "name": "manufacturer",
          "type": "text",
          "primaryKey": false,
          "notNull": false
        },
        "model_number": {
          "name": "model_number",
          "type": "text",
          "primaryKey": false,
          "notNull": false
        },
        "primary_group": {
          "name": "primary_group",
          "type": "text",
          "primaryKey": false,
          "notNull": true
        },
        "secondary_group": {
          "name": "secondary_group",
          "type": "text",
          "primaryKey": false,
          "notNull": false
        },
        "tertiary_group": {
          "name": "tertiary_group",
          "type": "text",
          "primaryKey": false,
          "notNull": false
        },
        "short_description": {
          "name": "short_description",
          "type": "text",
          "primaryKey": false,
          "notNull": false
        },
        "long_description": {
          "name": "long_description",
          "type": "text",
          "primaryKey": false,
          "notNull": false
        },
        "specifications": {
          "name": "specifications",
          "type": "jsonb",
          "primaryKey": false,
          "notNull": false
        },
        "processed_at": {
          "name": "processed_at",
          "type": "timestamp",
          "primaryKey": false,
          "notNull": false,
          "default": "now()"
        },
        "user_id": {
          "name": "user_id",
          "type": "integer",
          "primaryKey": false,
          "notNull": false
        }
      },
      "indexes": {},
      "foreignKeys": {
        "materials_user_id_users_id_fk": {
          "name": "materials_user_id_users_id_fk",
          "tableFrom": "materials",
          "tableTo": "users",
          "columnsFrom": [
            "user_id"
          ],
          "columnsTo": [
            "id"
          ],
          "onDelete": "no action",
          "onUpdate": "no action"
        }
      },
      "compositePrimaryKeys": {},
      "uniqueConstraints": {},
      "policies": {},
      "checkConstraints": {},
      "isRLSEnabled": false
    },
    "public.processing_history": {
      "name": "processing_history",
      "schema": "",
      "columns": {
        "id": {
          "name": "id",
          "type": "serial",
          "primaryKey": true,
          "notNull": true
        },
        "batch_id": {
          "name": "batch_id",
          "type": "text",
          "primaryKey": false,
          "notNull": false
        },
        "material_count": {
          "name": "material_count",
          "type": "integer",
          "primaryKey": false,
          "notNull": true
        },
        "successful": {
          "name": "successful",
          "type": "integer",
          "primaryKey": false,
          "notNull": true
        },
        "failed": {
          "name": "failed",
          "type": "integer",
          "primaryKey": false,
          "notNull": true
        },
        "processed_at": {
          "name": "processed_at",
          "type": "timestamp",
          "primaryKey": false,
          "notNull": false,
          "default": "now()"
        },
        "user_id": {
          "name": "user_id",
          "type": "integer",
          "primaryKey": false,
          "notNull": false
        }
      },
      "indexes": {},
      "foreignKeys": {
        "processing_history_user_id_users_id_fk": {
          "name": "processing_history_user_id_users_id_fk",
          "tableFrom": "processing_history",
          "tableTo": "users",
          "columnsFrom": [
            "user_id"
          ],
          "columnsTo": [
            "id"
          ],
          "onDelete": "no action",
          "onUpdate": "no action"
        }
      },
      "compositePrimaryKeys": {},
      "uniqueConstraints": {},
      "policies": {},
      "checkConstraints": {},
      "isRLSEnabled": false
    },
    "public.processing_results": {
      "name": "processing_results",
      "schema": "",
      "columns": {
        "id": {
          "name": "id",
          "type": "serial",
          "primaryKey": true,
          "notNull": true
        },
        "material_id": {
          "name": "material_id",
          "type": "integer",
          "primaryKey": false,
          "notNull": false
        },
        "short_description": {
          "name": "short_description",
          "type": "text",
          "primaryKey": false,
          "notNull": true
        },
        "long_description": {
          "name": "long_description",
          "type": "text",
          "primaryKey": false,
          "notNull": true
        },
        "specifications": {
          "name": "specifications",
          "type": "jsonb",
          "primaryKey": false,
          "notNull": false
        },
        "classification_groups": {
          "name": "classification_groups",
          "type": "jsonb",
          "primaryKey": false,
          "notNull": true
        },
        "processed_at": {
          "name": "processed_at",
          "type": "timestamp",
          "primaryKey": false,
          "notNull": false,
          "default": "now()"
        }
      },
      "indexes": {},
      "foreignKeys": {
        "processing_results_material_id_materials_id_fk": {
          "name": "processing_results_material_id_materials_id_fk",
          "tableFrom": "processing_results",
          "tableTo": "materials",
          "columnsFrom": [
            "material_id"
          ],
          "columnsTo": [
            "id"
          ],
          "onDelete": "no action",
          "onUpdate": "no action"
        }
      },
      "compositePrimaryKeys": {},
      "uniqueConstraints": {},
      "policies": {},
      "checkConstraints": {},
      "isRLSEnabled": false
    },
    "public.users": {
      "name": "users",
      "schema": "",
      "columns": {
        "id": {
          "name": "id",
          "type": "serial",
          "primaryKey": true,
          "notNull": true
        },
        "username": {
          "name": "username",
          "type": "text",
          "primaryKey": false,
          "notNull": true
        },
        "password": {
          "name": "password",
          "type": "text",
          "primaryKey": false,
          "notNull": true
        }
      },
      "indexes": {},
      "foreignKeys": {},
      "compositePrimaryKeys": {},
      "uniqueConstraints": {
        "users_username_unique": {
          "name": "users_username_unique",
          "nullsNotDistinct": false,
          "columns": [
            "username"
          ]
        }
      },
      "policies": {},
      "checkConstraints": {},
      "isRLSEnabled": false
    }
  },
  "enums": {},
  "schemas": {},
  "sequences": {},
  "roles": {},
  "policies": {},
  "views": {},
  "_meta": {
    "columns": {},
    "schemas": {},
    "tables": {}
  }
}